{
	"productName": "环信视频会议",
	"compression": "maximum",
	"appId": "com.easemob.videocallPC",
	"asar": true,
	"files": [
		"img/",
		"main.js",
		"package.json",
		"setting.json"
	],
	"extraFiles":[
		"setting.json"
	],
	"directories": {
		"buildResources": "resources",
		"output": "release",
		"app": "./"
	},
	"mac": {
	},
    "win": {
		"target": [
			"nsis"
		],
		"verifyUpdateCodeSignature": false,
	},
    "nsis": {
		"oneClick": false,
		"perMachine": true,
      	"allowElevation": true,
      	"allowToChangeInstallationDirectory": true,
      	"createDesktopShortcut": true,
      	"runAfterFinish": true,
		"artifactName": "环信视频会议.${ext}",
		"deleteAppDataOnUninstall": false,
		"installerIcon": "./resources/icons/icon.ico",
		"uninstallerIcon": "./resources/icons/icon.ico"
	}
  }
